Num_PEs,Pipeline,Merged_QQ,Joint_Scratchpad,Scratchpad_0_Size,Scratchpad_0_Banks,Scratchpad_1_Size,Scratchpad_1_Banks,Scratchpad_2_Size,Scratchpad 2 Banks,Ideal,Queries_Processed,Nodes_Visited,Point_Accesses,Node_Accesses,Stack_Accesses,Conflicts,Stages_Stalled,Percent_Time_Stalled,Lines_Processed,Cycles,Avg_Cycles_per_Node
4,True,False,True,5000000,1,5000000,1,5000000,1,False,29814,400349,506048,506048,1577772,9754450,66739562,0.4761800123519366,18813218,1094970,2.735038678752788
4,True,False,True,5000000,1,5000000,1,5000000,2,False,29814,412199,506048,506048,1577772,5094137,42000774,0.5195276195584195,18813218,631595,1.532257477577578
4,True,False,True,5000000,1,5000000,1,5000000,4,False,29814,434234,506048,506048,1577772,3961820,37367578,0.5768960407020747,18813218,506043,1.165369363062312
4,True,False,True,5000000,1,5000000,1,5000000,8,False,29814,441322,506048,506048,1577772,4046577,39603109,0.6369831737697796,18813218,485726,1.1006158768427587
4,True,False,True,5000000,1,5000000,1,5000000,16,False,29814,443365,506048,506048,1577772,4121406,40349671,0.6534222536803114,18813218,482432,1.0881147587202418
4,True,False,True,5000000,1,5000000,2,5000000,1,False,29814,400638,506048,506048,1577772,9700134,65542722,0.46671957644529233,18813218,1097131,2.7384596568473287
4,True,False,True,5000000,1,5000000,2,5000000,2,False,29814,410911,506048,506048,1577772,5141905,42556454,0.5282301732342137,18813218,629408,1.531738016261429
4,True,False,True,5000000,1,5000000,2,5000000,4,False,29814,431423,506048,506048,1577772,4058357,38135928,0.5969890505464207,18813218,499066,1.156790435373172
4,True,False,True,5000000,1,5000000,2,5000000,8,False,29814,440521,506048,506048,1577772,4201560,40824570,0.6628660000602715,18813218,481156,1.0922430485720318
4,True,False,True,5000000,1,5000000,2,5000000,16,False,29814,442001,506048,506048,1577772,4411326,43801806,0.7158086055080607,18813218,478063,1.0815880507057676
4,True,False,True,5000000,1,5000000,4,5000000,1,False,29814,399515,506048,506048,1577772,9766773,67038886,0.4790011522512742,18813218,1093403,2.736825901405454
4,True,False,True,5000000,1,5000000,4,5000000,2,False,29814,410334,506048,506048,1577772,5125461,42183549,0.5239253131662159,18813218,629019,1.5329438944859552
4,True,False,True,5000000,1,5000000,4,5000000,4,False,29814,430977,506048,506048,1577772,4050540,37889473,0.5947182788648153,18813218,497734,1.1548968970501907
4,True,False,True,5000000,1,5000000,4,5000000,8,False,29814,439810,506048,506048,1577772,4249678,41627742,0.6772879353881397,18813218,480175,1.0917782678884063
4,True,False,True,5000000,1,5000000,4,5000000,16,False,29814,441477,506048,506048,1577772,4402418,43191784,0.7076425515628768,18813218,476845,1.080112893763435
4,True,False,True,5000000,1,5000000,8,5000000,1,False,29814,400022,506048,506048,1577772,9732197,66095351,0.47185253081520834,18813218,1094346,2.7357145357005366
4,True,False,True,5000000,1,5000000,8,5000000,2,False,29814,410737,506048,506048,1577772,5125166,42197786,0.5243964253275984,18813218,628666,1.5305803957276798
4,True,False,True,5000000,1,5000000,8,5000000,4,False,29814,431162,506048,506048,1577772,4065234,38149171,0.5978684234611489,18813218,498505,1.156189552882675
4,True,False,True,5000000,1,5000000,8,5000000,8,False,29814,439033,506048,506048,1577772,4324444,42699986,0.6954097922590409,18813218,479708,1.092646794204536
4,True,False,True,5000000,1,5000000,8,5000000,16,False,29814,440846,506048,506048,1577772,4463336,43774878,0.7178401156444879,18813218,476417,1.0806880407217032
4,True,False,True,5000000,1,5000000,16,5000000,1,False,29814,399983,506048,506048,1577772,9725594,66543116,0.4747675503084489,18813218,1094995,2.737603848163547
4,True,False,True,5000000,1,5000000,16,5000000,2,False,29814,410221,506048,506048,1577772,5138093,42548596,0.5284525246928987,18813218,629027,1.5333856628500246
4,True,False,True,5000000,1,5000000,16,5000000,4,False,29814,430964,506048,506048,1577772,4107293,39030058,0.6104098958135233,18813218,499537,1.1591153785466999
4,True,False,True,5000000,1,5000000,16,5000000,8,False,29814,440133,506048,506048,1577772,4228157,41179811,0.6696040108261059,18813218,480459,1.0916223050759657
4,True,False,True,5000000,1,5000000,16,5000000,16,False,29814,441080,506048,506048,1577772,4455894,43629293,0.7143386946988431,18813218,477160,1.0817992200961277
4,True,False,True,5000000,2,5000000,1,5000000,1,False,29814,400037,506048,506048,1577772,9776961,67096338,0.47941516160673864,18813218,1093395,2.733234675792489
4,True,False,True,5000000,2,5000000,1,5000000,2,False,29814,411443,506048,506048,1577772,5078276,41568829,0.5154152943363377,18813218,630087,1.5314077527142278
4,True,False,True,5000000,2,5000000,1,5000000,4,False,29814,432160,506048,506048,1577772,4049403,38152503,0.5957313364542298,18813218,500337,1.1577587004813032
4,True,False,True,5000000,2,5000000,1,5000000,8,False,29814,440350,506048,506048,1577772,4227590,41347543,0.6714021326882467,18813218,481124,1.0925945270807311
4,True,False,True,5000000,2,5000000,1,5000000,16,False,29814,440884,506048,506048,1577772,4399015,43734434,0.7164084843519357,18813218,476928,1.0817539307391513
4,True,False,True,5000000,2,5000000,2,5000000,1,False,29814,399241,506048,506048,1577772,9517836,63352975,0.4555550907138373,18813218,1086466,2.721328721248569
4,True,False,True,5000000,2,5000000,2,5000000,2,False,29814,406718,506048,506048,1577772,4488350,35319291,0.4561997472716331,18813218,604849,1.487145884863714
4,True,False,True,5000000,2,5000000,2,5000000,4,False,29814,426068,506048,506048,1577772,2247526,21485798,0.412721095805365,18813218,406710,0.9545659378315199
4,True,False,True,5000000,2,5000000,2,5000000,8,False,29814,437843,506048,506048,1577772,1556353,16711165,0.3817002103932896,18813218,342038,0.7811886909234589
4,True,False,True,5000000,2,5000000,2,5000000,16,False,29814,439583,506048,506048,1577772,1418845,15883475,0.38005552286495725,18813218,326504,0.7427584779211207
4,True,False,True,5000000,2,5000000,4,5000000,1,False,29814,400320,506048,506048,1577772,9437010,62087345,0.4451917932980404,18813218,1089547,2.7216901478816946
4,True,False,True,5000000,2,5000000,4,5000000,2,False,29814,406671,506048,506048,1577772,4411706,34516202,0.44759977645559074,18813218,602453,1.4814260175916159
4,True,False,True,5000000,2,5000000,4,5000000,4,False,29814,427658,506048,506048,1577772,2094650,19554530,0.3805155552193005,18813218,401481,0.9387898741517755
4,True,False,True,5000000,2,5000000,4,5000000,8,False,29814,440538,506048,506048,1577772,1356625,14561905,0.34337170387423527,18813218,331317,0.7520736009152446
4,True,False,True,5000000,2,5000000,4,5000000,16,False,29814,443235,506048,506048,1577772,1222868,13524948,0.33517204093867764,18813218,315252,0.7112524958543436
4,True,False,True,5000000,2,5000000,8,5000000,1,False,29814,398778,506048,506048,1577772,9382441,61730106,0.4444999586391807,18813218,1084964,2.7207218051146254
4,True,False,True,5000000,2,5000000,8,5000000,2,False,29814,406996,506048,506048,1577772,4396343,34227376,0.44429460701563167,18813218,601856,1.478776204188739
4,True,False,True,5000000,2,5000000,8,5000000,4,False,29814,427637,506048,506048,1577772,2069776,19335057,0.37764255256315704,18813218,399995,0.9353610655766457
4,True,False,True,5000000,2,5000000,8,5000000,8,False,29814,440474,506048,506048,1577772,1341335,14242973,0.33672222526932155,18813218,330460,0.7502372444230534
4,True,False,True,5000000,2,5000000,8,5000000,16,False,29814,443777,506048,506048,1577772,1192062,13132251,0.3270900234567783,18813218,313662,0.7068009383091057
4,True,False,True,5000000,2,5000000,16,5000000,1,False,29814,399414,506048,506048,1577772,9373812,61524045,0.44335207155750816,18813218,1084142,2.7143314956411144
4,True,False,True,5000000,2,5000000,16,5000000,2,False,29814,406675,506048,506048,1577772,4398671,34392861,0.44790134717100966,18813218,599896,1.4751238704124916
4,True,False,True,5000000,2,5000000,16,5000000,4,False,29814,427970,506048,506048,1577772,2059508,19156448,0.3746551594652781,18813218,399460,0.9333831810640932
4,True,False,True,5000000,2,5000000,16,5000000,8,False,29814,440981,506048,506048,1577772,1319772,13995705,0.33193721179008145,18813218,329404,0.746980028618013
4,True,False,True,5000000,2,5000000,16,5000000,16,False,29814,444173,506048,506048,1577772,1166604,12800127,0.3200574567446639,18813218,312447,0.7034353731541539
4,True,False,True,5000000,4,5000000,1,5000000,1,False,29814,401081,506048,506048,1577772,9764644,66551707,0.4735452933637108,18813218,1097963,2.737509380898123
4,True,False,True,5000000,4,5000000,1,5000000,2,False,29814,411158,506048,506048,1577772,5088504,41723800,0.5177698511658937,18813218,629560,1.531187524017531
4,True,False,True,5000000,4,5000000,1,5000000,4,False,29814,431893,506048,506048,1577772,4054959,38285313,0.598461763412687,18813218,499788,1.1572032887775445
4,True,False,True,5000000,4,5000000,1,5000000,8,False,29814,440054,506048,506048,1577772,4240037,41321590,0.6713127890497956,18813218,480886,1.0927886123066715
4,True,False,True,5000000,4,5000000,1,5000000,16,False,29814,442000,506048,506048,1577772,4459982,43630572,0.7140020061835068,18813218,477399,1.0800882352941177
4,True,False,True,5000000,4,5000000,2,5000000,1,False,29814,399165,506048,506048,1577772,9396973,61646302,0.4444035986725427,18813218,1083726,2.714982526023073
4,True,False,True,5000000,4,5000000,2,5000000,2,False,29814,406742,506048,506048,1577772,4381616,34058690,0.44281199814443456,18813218,600895,1.477336985115872
4,True,False,True,5000000,4,5000000,2,5000000,4,False,29814,427205,506048,506048,1577772,2064655,19276534,0.37680472657510805,18813218,399671,0.9355485071569856
4,True,False,True,5000000,4,5000000,2,5000000,8,False,29814,440185,506048,506048,1577772,1331772,14160576,0.3349790164053558,18813218,330258,0.750270908822427
4,True,False,True,5000000,4,5000000,2,5000000,16,False,29814,443797,506048,506048,1577772,1157828,12884768,0.3223719396006469,18813218,312255,0.7035987174316185
4,True,False,True,5000000,4,5000000,4,5000000,1,False,29814,400293,506048,506048,1577772,9302636,60499233,0.4358155623022741,18813218,1084519,2.709312928280035
4,True,False,True,5000000,4,5000000,4,5000000,2,False,29814,407533,506048,506048,1577772,4299344,33047425,0.43145772424076323,18813218,598397,1.4683399871912213
4,True,False,True,5000000,4,5000000,4,5000000,4,False,29814,430317,506048,506048,1577772,1840805,16726597,0.33409147380094084,18813218,391140,0.9089578148202372
4,True,False,True,5000000,4,5000000,4,5000000,8,False,29814,450094,506048,506048,1577772,865602,9363788,0.23950953148787796,18813218,305435,0.6786026918821402
4,True,False,True,5000000,4,5000000,4,5000000,16,False,29814,457269,506048,506048,1577772,591346,7102366,0.19749368898087608,18813218,280957,0.6144238949064993
4,True,False,True,5000000,4,5000000,8,5000000,1,False,29814,399656,506048,506048,1577772,9220160,59595281,0.4303537779503694,18813218,1081873,2.7070105290549873
4,True,False,True,5000000,4,5000000,8,5000000,2,False,29814,407345,506048,506048,1577772,4280365,32835269,0.429840060226075,18813218,596793,1.465079969067989
4,True,False,True,5000000,4,5000000,8,5000000,4,False,29814,430053,506048,506048,1577772,1801707,16254262,0.326508713508107,18813218,388922,0.9043583000234855
4,True,False,True,5000000,4,5000000,8,5000000,8,False,29814,452409,506048,506048,1577772,793504,8482575,0.21957634526306372,18813218,301809,0.6671153756888125
4,True,False,True,5000000,4,5000000,8,5000000,16,False,29814,461528,506048,506048,1577772,499588,5936517,0.1682197967483361,18813218,275705,0.5973743738191399
4,True,False,True,5000000,4,5000000,16,5000000,1,False,29814,399122,506048,506048,1577772,9190013,59289771,0.42851041802541634,18813218,1080957,2.7083373003743216
4,True,False,True,5000000,4,5000000,16,5000000,2,False,29814,407128,506048,506048,1577772,4248602,32529868,0.4268326823791417,18813218,595408,1.4624589809593052
4,True,False,True,5000000,4,5000000,16,5000000,4,False,29814,430237,506048,506048,1577772,1778073,15962799,0.3217484234672948,18813218,387599,0.9008964826363144
4,True,False,True,5000000,4,5000000,16,5000000,8,False,29814,453299,506048,506048,1577772,768305,8115590,0.21087955456329407,18813218,300660,0.6632708212460209
4,True,False,True,5000000,4,5000000,16,5000000,16,False,29814,461930,506048,506048,1577772,470903,5557457,0.15826213024896113,18813218,274340,0.5938995085835517
4,True,False,True,5000000,8,5000000,1,5000000,1,False,29814,400239,506048,506048,1577772,9701802,66047013,0.4706644760336074,18813218,1096306,2.739128370798448
4,True,False,True,5000000,8,5000000,1,5000000,2,False,29814,410866,506048,506048,1577772,5108273,42153985,0.5237363058698643,18813218,628805,1.5304381477172606
4,True,False,True,5000000,8,5000000,1,5000000,4,False,29814,431983,506048,506048,1577772,4046887,38077791,0.5955097803142072,18813218,499543,1.1563950433234642
4,True,False,True,5000000,8,5000000,1,5000000,8,False,29814,439803,506048,506048,1577772,4292329,41977710,0.6819338619979082,18813218,480913,1.0934736688926634
4,True,False,True,5000000,8,5000000,1,5000000,16,False,29814,441672,506048,506048,1577772,4370612,42974268,0.7025803867016001,18813218,477862,1.0819386331938634
4,True,False,True,5000000,8,5000000,2,5000000,1,False,29814,400067,506048,506048,1577772,9358462,61313517,0.4405042882008466,18813218,1087417,2.7180872203905846
4,True,False,True,5000000,8,5000000,2,5000000,2,False,29814,407304,506048,506048,1577772,4386450,34095480,0.4426773894141363,18813218,601727,1.4773412487969673
4,True,False,True,5000000,8,5000000,2,5000000,4,False,29814,427691,506048,506048,1577772,2058449,19108969,0.3734722772069787,18813218,399732,0.9346280375317695
4,True,False,True,5000000,8,5000000,2,5000000,8,False,29814,440726,506048,506048,1577772,1321694,14049852,0.33299800910125144,18813218,329625,0.7479136697176931
4,True,False,True,5000000,8,5000000,2,5000000,16,False,29814,444068,506048,506048,1577772,1150218,12639000,0.31625938043488705,18813218,312219,0.7030882657610996
4,True,False,True,5000000,8,5000000,4,5000000,1,False,29814,399833,506048,506048,1577772,9218201,59240689,0.4274885214461079,18813218,1082644,2.7077404816510895
4,True,False,True,5000000,8,5000000,4,5000000,2,False,29814,407223,506048,506048,1577772,4262967,32718515,0.4279488136385629,18813218,597299,1.4667614550258703
4,True,False,True,5000000,8,5000000,4,5000000,4,False,29814,430124,506048,506048,1577772,1785290,16010043,0.32200366837822253,18813218,388438,0.9030837618919195
4,True,False,True,5000000,8,5000000,4,5000000,8,False,29814,452641,506048,506048,1577772,777245,8209108,0.21259752061047446,18813218,301667,0.6664597329892785
4,True,False,True,5000000,8,5000000,4,5000000,16,False,29814,460741,506048,506048,1577772,485789,5767386,0.16382415138690432,18813218,275037,0.5969449213332436
4,True,False,True,5000000,8,5000000,8,5000000,1,False,29814,400016,506048,506048,1577772,9172010,58939682,0.42638568426720647,18813218,1079929,2.6997145114195433
4,True,False,True,5000000,8,5000000,8,5000000,2,False,29814,407579,506048,506048,1577772,4224985,32159409,0.42129394166082573,18813218,596366,1.4631911850217993
4,True,False,True,5000000,8,5000000,8,5000000,4,False,29814,431172,506048,506048,1577772,1725588,15313041,0.31015779136646815,18813218,385717,0.8945780338240887
4,True,False,True,5000000,8,5000000,8,5000000,8,False,29814,455701,506048,506048,1577772,693612,7179436,0.18888417196776572,18813218,296951,0.6516356119473076
4,True,False,True,5000000,8,5000000,8,5000000,16,False,29814,467251,506048,506048,1577772,373338,4314624,0.12547740825944206,18813218,268638,0.5749329589449782
4,True,False,True,5000000,8,5000000,16,5000000,1,False,29814,399585,506048,506048,1577772,9111729,58399592,0.42367312774634963,18813218,1076884,2.6950060687963764
4,True,False,True,5000000,8,5000000,16,5000000,2,False,29814,407685,506048,506048,1577772,4202627,31993871,0.4206291077042041,18813218,594234,1.457581220795467
4,True,False,True,5000000,8,5000000,16,5000000,4,False,29814,430924,506048,506048,1577772,1712177,15128714,0.3066660390931287,18813218,385413,0.8943874093807724
4,True,False,True,5000000,8,5000000,16,5000000,8,False,29814,457263,506048,506048,1577772,664053,6763410,0.17864640562927903,18813218,295775,0.6468378154366305
4,True,False,True,5000000,8,5000000,16,5000000,16,False,29814,468956,506048,506048,1577772,336887,3844859,0.11273098825514061,18813218,266457,0.5681918986002952
4,True,False,True,5000000,16,5000000,1,5000000,1,False,29814,401158,506048,506048,1577772,9732496,66384135,0.4723714429899264,18813218,1097920,2.736876741832395
4,True,False,True,5000000,16,5000000,1,5000000,2,False,29814,410601,506048,506048,1577772,5134855,42593659,0.52877599035369,18813218,629308,1.5326509190187068
4,True,False,True,5000000,16,5000000,1,5000000,4,False,29814,432115,506048,506048,1577772,4038954,38240893,0.5971055329404688,18813218,500342,1.1578908392441827
4,True,False,True,5000000,16,5000000,1,5000000,8,False,29814,439843,506048,506048,1577772,4266525,41254592,0.6699805222206747,18813218,481061,1.093710710412579
4,True,False,True,5000000,16,5000000,1,5000000,16,False,29814,441491,506048,506048,1577772,4404251,43431424,0.7106120166622337,18813218,477487,1.0815328058782625
4,True,False,True,5000000,16,5000000,2,5000000,1,False,29814,399645,506048,506048,1577772,9371226,61450919,0.4429726159505472,18813218,1083781,2.711859275106657
4,True,False,True,5000000,16,5000000,2,5000000,2,False,29814,407023,506048,506048,1577772,4400010,34191177,0.44365001804123283,18813218,602093,1.4792603857767253
4,True,False,True,5000000,16,5000000,2,5000000,4,False,29814,427843,506048,506048,1577772,2039630,18857343,0.3687629026535271,18813218,399506,0.9337677606037729
4,True,False,True,5000000,16,5000000,2,5000000,8,False,29814,441090,506048,506048,1577772,1303030,13745955,0.3256875949629095,18813218,329734,0.7475435852093677
4,True,False,True,5000000,16,5000000,2,5000000,16,False,29814,444779,506048,506048,1577772,1133391,12534788,0.31468887576721616,18813218,311190,0.6996508378318221
4,True,False,True,5000000,16,5000000,4,5000000,1,False,29814,399021,506048,506048,1577772,9205202,59450415,0.4310411919083787,18813218,1077522,2.700414263910922
4,True,False,True,5000000,16,5000000,4,5000000,2,False,29814,407093,506048,506048,1577772,4251699,32498931,0.42588813833427547,18813218,596161,1.464434416705765
4,True,False,True,5000000,16,5000000,4,5000000,4,False,29814,430265,506048,506048,1577772,1775124,15924716,0.32036999662665,18813218,388338,0.902555401903478
4,True,False,True,5000000,16,5000000,4,5000000,8,False,29814,452716,506048,506048,1577772,773396,8169417,0.21181044428090692,18813218,301324,0.6655916733669673
4,True,False,True,5000000,16,5000000,4,5000000,16,False,29814,461479,506048,506048,1577772,475833,5626435,0.16030182391479553,18813218,274211,0.5942003861497489
4,True,False,True,5000000,16,5000000,8,5000000,1,False,29814,399409,506048,506048,1577772,9116353,57895012,0.4195999057927924,18813218,1077943,2.698845043551848
4,True,False,True,5000000,16,5000000,8,5000000,2,False,29814,407707,506048,506048,1577772,4195328,31780058,0.4172991095814432,18813218,594973,1.4593151454353248
4,True,False,True,5000000,16,5000000,8,5000000,4,False,29814,431103,506048,506048,1577772,1712115,15059025,0.304955902870481,18813218,385789,0.894888228567187
4,True,False,True,5000000,16,5000000,8,5000000,8,False,29814,456491,506048,506048,1577772,661719,6716975,0.17731737272171275,18813218,295946,0.6483063192921656
4,True,False,True,5000000,16,5000000,8,5000000,16,False,29814,468831,506048,506048,1577772,333518,3783359,0.11097154212282993,18813218,266352,0.5681194289626752
4,True,False,True,5000000,16,5000000,16,5000000,1,False,29814,399864,506048,506048,1577772,9082003,57710389,0.41895637255425794,18813218,1076156,2.691305043714863
4,True,False,True,5000000,16,5000000,16,5000000,2,False,29814,407358,506048,506048,1577772,4176135,31450802,0.41481841308898754,18813218,592330,1.454077249004561
4,True,False,True,5000000,16,5000000,16,5000000,4,False,29814,431254,506048,506048,1577772,1678433,14752630,0.3006041085806093,18813218,383411,0.8890607391467673
4,True,False,True,5000000,16,5000000,16,5000000,8,False,29814,458453,506048,506048,1577772,622750,6237342,0.16594098624571774,18813218,293654,0.640532399177233
4,True,False,True,5000000,16,5000000,16,5000000,16,False,29814,470982,506048,506048,1577772,294567,3233204,0.0955716889647292,18813218,264298,0.5611636962771401
4,True,True,True,5000000,1,5000000,1,5000000,1,False,29814,373886,506048,506048,1577772,8437725,61427909,0.5113172944099889,18813218,938567,2.5103026056070568
4,True,True,True,5000000,1,5000000,1,5000000,2,False,29814,409344,506048,506048,1577772,4837385,42004427,0.55582868127294,18813218,590397,1.4423003635084428
4,True,True,True,5000000,1,5000000,1,5000000,4,False,29814,424502,506048,506048,1577772,3970249,36401452,0.5818574989360744,18813218,488756,1.151363244460568
4,True,True,True,5000000,1,5000000,1,5000000,8,False,29814,431338,506048,506048,1577772,3770270,35070681,0.5945582750054793,18813218,460829,1.0683709758936148
4,True,True,True,5000000,1,5000000,1,5000000,16,False,29814,431199,506048,506048,1577772,3858337,35731330,0.613552427331172,18813218,454975,1.0551392744417312
4,True,True,True,5000000,1,5000000,2,5000000,1,False,29814,372587,506048,506048,1577772,8484524,62060306,0.5162996304091562,18813218,939079,2.5204287857601044
4,True,True,True,5000000,1,5000000,2,5000000,2,False,29814,407786,506048,506048,1577772,4906719,42304399,0.5622589449153047,18813218,587813,1.4414742046073186
4,True,True,True,5000000,1,5000000,2,5000000,4,False,29814,422243,506048,506048,1577772,4098508,37707684,0.6088760494431905,18813218,483828,1.145852033071004
4,True,True,True,5000000,1,5000000,2,5000000,8,False,29814,430112,506048,506048,1577772,3839498,35440771,0.6060084602685968,18813218,456893,1.0622651774421545
4,True,True,True,5000000,1,5000000,2,5000000,16,False,29814,430028,506048,506048,1577772,3881286,36420244,0.6312340268703537,18813218,450757,1.048203837889626
4,True,True,True,5000000,1,5000000,4,5000000,1,False,29814,372193,506048,506048,1577772,8455594,62114544,0.5200202266455917,18813218,933175,2.507234150024315
4,True,True,True,5000000,1,5000000,4,5000000,2,False,29814,406994,506048,506048,1577772,4932635,42746472,0.5686762136591895,18813218,587253,1.4429033351843026
4,True,True,True,5000000,1,5000000,4,5000000,4,False,29814,422601,506048,506048,1577772,4106096,37452858,0.603956160869646,18813218,484473,1.146407604336005
4,True,True,True,5000000,1,5000000,4,5000000,8,False,29814,429854,506048,506048,1577772,3818217,35518558,0.6083851692146799,18813218,456107,1.0610742252020453
4,True,True,True,5000000,1,5000000,4,5000000,16,False,29814,429204,506048,506048,1577772,3936773,36762629,0.6388818080883465,18813218,449548,1.0473993718604673
4,True,True,True,5000000,1,5000000,8,5000000,1,False,29814,372390,506048,506048,1577772,8484527,61752189,0.5149168414181056,18813218,936926,2.5159805580171324
4,True,True,True,5000000,1,5000000,8,5000000,2,False,29814,408118,506048,506048,1577772,4886022,42014571,0.5583727044487615,18813218,587849,1.4403897892276254
4,True,True,True,5000000,1,5000000,8,5000000,4,False,29814,422344,506048,506048,1577772,4134924,38284091,0.6174878883370873,18813218,484373,1.1468684295266418
4,True,True,True,5000000,1,5000000,8,5000000,8,False,29814,429074,506048,506048,1577772,3939204,36413366,0.6239787982658934,18813218,455912,1.0625486512815971
4,True,True,True,5000000,1,5000000,8,5000000,16,False,29814,430103,506048,506048,1577772,3857667,36070050,0.6260255558307805,18813218,450137,1.0465795402496612
4,True,True,True,5000000,1,5000000,16,5000000,1,False,29814,372554,506048,506048,1577772,8497907,61744752,0.5139207024287551,18813218,938629,2.5194441611148988
4,True,True,True,5000000,1,5000000,16,5000000,2,False,29814,408819,506048,506048,1577772,4883323,41797812,0.5547285626798583,18813218,588658,1.4398988305338059
4,True,True,True,5000000,1,5000000,16,5000000,4,False,29814,421368,506048,506048,1577772,4154331,38211490,0.6166670087978054,18813218,484098,1.148872244688728
4,True,True,True,5000000,1,5000000,16,5000000,8,False,29814,428725,506048,506048,1577772,3905695,35883608,0.6158261427815134,18813218,455227,1.0618158493206602
4,True,True,True,5000000,1,5000000,16,5000000,16,False,29814,429929,506048,506048,1577772,3922430,36384845,0.6315634449624958,18813218,450084,1.046879833646951
4,True,True,True,5000000,2,5000000,1,5000000,1,False,29814,373132,506048,506048,1577772,8425705,61235259,0.5117200912382994,18813218,934887,2.505512794399837
4,True,True,True,5000000,2,5000000,1,5000000,2,False,29814,408290,506048,506048,1577772,4837965,41810406,0.5562327637366473,18813218,587243,1.438298758235568
4,True,True,True,5000000,2,5000000,1,5000000,4,False,29814,422714,506048,506048,1577772,4102261,37551082,0.6044484125308026,18813218,485348,1.1481711038669171
4,True,True,True,5000000,2,5000000,1,5000000,8,False,29814,430192,506048,506048,1577772,3873388,35563333,0.6083478335541153,18813218,456710,1.0616422434633839
4,True,True,True,5000000,2,5000000,1,5000000,16,False,29814,429612,506048,506048,1577772,3956154,37019521,0.6431731069130849,18813218,449669,1.0466863123004013
4,True,True,True,5000000,2,5000000,2,5000000,1,False,29814,370373,506048,506048,1577772,7938076,56025689,0.4765053880976176,18813218,918564,2.480105191253142
4,True,True,True,5000000,2,5000000,2,5000000,2,False,29814,397989,506048,506048,1577772,3619077,30870508,0.45345738305193095,18813218,531860,1.3363685931018194
4,True,True,True,5000000,2,5000000,2,5000000,4,False,29814,419698,506048,506048,1577772,2132383,21564002,0.43359439343439543,18813218,388540,0.9257609042692603
4,True,True,True,5000000,2,5000000,2,5000000,8,False,29814,427691,506048,506048,1577772,1668054,18010873,0.40840181725237856,18813218,344538,0.8055769235265647
4,True,True,True,5000000,2,5000000,2,5000000,16,False,29814,427708,506048,506048,1577772,1604479,17641398,0.41246714552707814,18813218,334144,0.7812432781243278
4,True,True,True,5000000,2,5000000,4,5000000,1,False,29814,368944,506048,506048,1577772,7831365,55174797,0.47313931694398437,18813218,911049,2.469342230799254
4,True,True,True,5000000,2,5000000,4,5000000,2,False,29814,397945,506048,506048,1577772,3508364,29599931,0.4384399671192958,18813218,527437,1.3254017514983227
4,True,True,True,5000000,2,5000000,4,5000000,4,False,29814,421582,506048,506048,1577772,1949194,19479754,0.4000104562575239,18813218,380454,0.9024436527176207
4,True,True,True,5000000,2,5000000,4,5000000,8,False,29814,430373,506048,506048,1577772,1505864,16001422,0.3724104413863162,18813218,335681,0.7799769037555795
4,True,True,True,5000000,2,5000000,4,5000000,16,False,29814,431651,506048,506048,1577772,1403285,15187846,0.3655569904986953,18813218,324587,0.7519662875795492
4,True,True,True,5000000,2,5000000,8,5000000,1,False,29814,370509,506048,506048,1577772,7816341,54113975,0.4619427984216392,18813218,915190,2.4700884458947017
4,True,True,True,5000000,2,5000000,8,5000000,2,False,29814,398325,506048,506048,1577772,3472166,29200865,0.43392670458003796,18813218,525738,1.319871963848616
4,True,True,True,5000000,2,5000000,8,5000000,4,False,29814,421906,506048,506048,1577772,1919806,18922317,0.38861474001982105,18813218,380404,0.9016321171066541
4,True,True,True,5000000,2,5000000,8,5000000,8,False,29814,431518,506048,506048,1577772,1470250,15513811,0.36243211498839756,18813218,334412,0.7749665135637447
4,True,True,True,5000000,2,5000000,8,5000000,16,False,29814,432963,506048,506048,1577772,1370858,14652532,0.3552323249484869,18813218,322248,0.7442853084443706
4,True,True,True,5000000,2,5000000,16,5000000,1,False,29814,370376,506048,506048,1577772,7836701,54352814,0.4624928761915446,18813218,918136,2.4789295202712918
4,True,True,True,5000000,2,5000000,16,5000000,2,False,29814,397628,506048,506048,1577772,3467866,29073071,0.4320202819749804,18813218,525747,1.3222081945939421
4,True,True,True,5000000,2,5000000,16,5000000,4,False,29814,421840,506048,506048,1577772,1912944,18918121,0.38978582644121346,18813218,379177,0.8988644983880144
4,True,True,True,5000000,2,5000000,16,5000000,8,False,29814,431320,506048,506048,1577772,1464189,15403794,0.3603824184931527,18813218,333929,0.7742024482982472
4,True,True,True,5000000,2,5000000,16,5000000,16,False,29814,433077,506048,506048,1577772,1367859,14542569,0.35234007942968787,18813218,322455,0.744567363309527
4,True,True,True,5000000,4,5000000,1,5000000,1,False,29814,372569,506048,506048,1577772,8479305,61805100,0.5149831739383623,18813218,937608,2.5166022938032957
4,True,True,True,5000000,4,5000000,1,5000000,2,False,29814,407983,506048,506048,1577772,4879644,41928149,0.5568698674864805,18813218,588223,1.4417831135120827
4,True,True,True,5000000,4,5000000,1,5000000,4,False,29814,423921,506048,506048,1577772,4012690,35904698,0.5782318058931085,18813218,485109,1.1443382139596765
4,True,True,True,5000000,4,5000000,1,5000000,8,False,29814,430348,506048,506048,1577772,3842860,35050545,0.598850951886551,18813218,457263,1.0625424075399443
4,True,True,True,5000000,4,5000000,1,5000000,16,False,29814,429949,506048,506048,1577772,3937712,36097452,0.6264774804844564,18813218,450154,1.0469939457935709
4,True,True,True,5000000,4,5000000,2,5000000,1,False,29814,371553,506048,506048,1577772,7795543,53593066,0.45549826602691024,18813218,919204,2.4739512263391763
4,True,True,True,5000000,4,5000000,2,5000000,2,False,29814,398438,506048,506048,1577772,3464156,29017057,0.43072094918556686,18813218,526317,1.32095081292447
4,True,True,True,5000000,4,5000000,2,5000000,4,False,29814,422582,506048,506048,1577772,1908871,18802976,0.38699290548461623,18813218,379589,0.8982611658802315
4,True,True,True,5000000,4,5000000,2,5000000,8,False,29814,432058,506048,506048,1577772,1463835,15300254,0.3575766762542366,18813218,334287,0.7737086224534669
4,True,True,True,5000000,4,5000000,2,5000000,16,False,29814,435061,506048,506048,1577772,1339268,14308745,0.34818992036336793,18813218,321052,0.7379470924766872
4,True,True,True,5000000,4,5000000,4,5000000,1,False,29814,369764,506048,506048,1577772,7667396,52910586,0.45489645429894826,18813218,908699,2.4575107365779254
4,True,True,True,5000000,4,5000000,4,5000000,2,False,29814,398321,506048,506048,1577772,3286884,27072556,0.4082063102767447,18813218,518131,1.300787555765325
4,True,True,True,5000000,4,5000000,4,5000000,4,False,29814,427677,506048,506048,1577772,1460321,14451536,0.3161635191065858,18813218,357102,0.8349806045216367
4,True,True,True,5000000,4,5000000,4,5000000,8,False,29814,444090,506048,506048,1577772,802109,9255674,0.24303824258465676,18813218,297525,0.6699655475241505
4,True,True,True,5000000,4,5000000,4,5000000,16,False,29814,447636,506048,506048,1577772,616868,7563361,0.20996346371489283,18813218,281424,0.6286893815510817
4,True,True,True,5000000,4,5000000,8,5000000,1,False,29814,370148,506048,506048,1577772,7578970,52072471,0.4494039444867907,18813218,905235,2.445602839945103
4,True,True,True,5000000,4,5000000,8,5000000,2,False,29814,399022,506048,506048,1577772,3223609,26342705,0.3991233793073021,18813218,515636,1.292249550150117
4,True,True,True,5000000,4,5000000,8,5000000,4,False,29814,429757,506048,506048,1577772,1384596,13598493,0.30015461883202194,18813218,353945,0.8235933329765426
4,True,True,True,5000000,4,5000000,8,5000000,8,False,29814,448492,506048,506048,1577772,705460,8026727,0.21387358567384596,18813218,293205,0.6537574806239577
4,True,True,True,5000000,4,5000000,8,5000000,16,False,29814,453771,506048,506048,1577772,512385,6277500,0.1779969612778421,18813218,275527,0.6071939370299115
4,True,True,True,5000000,4,5000000,16,5000000,1,False,29814,370853,506048,506048,1577772,7540509,50883302,0.4386631923945704,18813218,906221,2.443612428644234
4,True,True,True,5000000,4,5000000,16,5000000,2,False,29814,399868,506048,506048,1577772,3187913,25822357,0.39119624284700394,18813218,515693,1.2896580871687657
4,True,True,True,5000000,4,5000000,16,5000000,4,False,29814,430658,506048,506048,1577772,1356106,13180749,0.291483198960875,18813218,353278,0.8203214615774002
4,True,True,True,5000000,4,5000000,16,5000000,8,False,29814,449788,506048,506048,1577772,671140,7579957,0.20321827181772323,18813218,291403,0.6478674397716258
4,True,True,True,5000000,4,5000000,16,5000000,16,False,29814,455655,506048,506048,1577772,472257,5716950,0.1631281501670958,18813218,273795,0.6008822464364486
4,True,True,True,5000000,8,5000000,1,5000000,1,False,29814,373239,506048,506048,1577772,8475255,61610465,0.5131692939803338,18813218,937959,2.513025166180383
4,True,True,True,5000000,8,5000000,1,5000000,2,False,29814,408899,506048,506048,1577772,4850874,41487102,0.5512379364929538,18813218,587982,1.437963898175344
4,True,True,True,5000000,8,5000000,1,5000000,4,False,29814,423006,506048,506048,1577772,4097518,37667927,0.6063642126586583,18813218,485320,1.1473123312671687
4,True,True,True,5000000,8,5000000,1,5000000,8,False,29814,429855,506048,506048,1577772,3856354,35269616,0.6036724497530924,18813218,456446,1.0618603947842877
4,True,True,True,5000000,8,5000000,1,5000000,16,False,29814,430750,506048,506048,1577772,3890842,35750289,0.6192267574465963,18813218,451045,1.0471154962275102
4,True,True,True,5000000,8,5000000,2,5000000,1,False,29814,370147,506048,506048,1577772,7792651,53927271,0.4612264118604323,18813218,913449,2.467800630560291
4,True,True,True,5000000,8,5000000,2,5000000,2,False,29814,397493,506048,506048,1577772,3467249,29001605,0.4307698607781329,18813218,525977,1.323235880883437
4,True,True,True,5000000,8,5000000,2,5000000,4,False,29814,422562,506048,506048,1577772,1896628,18670286,0.3850541946711791,18813218,378808,0.8964554313923164
4,True,True,True,5000000,8,5000000,2,5000000,8,False,29814,432215,506048,506048,1577772,1447668,15094033,0.3536373208154024,18813218,333455,0.7715026086554145
4,True,True,True,5000000,8,5000000,2,5000000,16,False,29814,434319,506048,506048,1577772,1329497,14027096,0.3406402312034516,18813218,321708,0.7407182278463526
4,True,True,True,5000000,8,5000000,4,5000000,1,False,29814,371965,506048,506048,1577772,7584153,50866943,0.43648908133357206,18813218,910442,2.447655021305768
4,True,True,True,5000000,8,5000000,4,5000000,2,False,29814,399090,506048,506048,1577772,3208961,25883985,0.3914800586440009,18813218,516549,1.2943170713372922
4,True,True,True,5000000,8,5000000,4,5000000,4,False,29814,429852,506048,506048,1577772,1371768,13377775,0.29536790946125824,18813218,353843,0.8231740226868782
4,True,True,True,5000000,8,5000000,4,5000000,8,False,29814,448822,506048,506048,1577772,690967,7816565,0.20846361367422458,18813218,292938,0.652681909532064
4,True,True,True,5000000,8,5000000,4,5000000,16,False,29814,453562,506048,506048,1577772,497706,6074489,0.17271830587047113,18813218,274765,0.6057936952390192
4,True,True,True,5000000,8,5000000,8,5000000,1,False,29814,370285,506048,506048,1577772,7523996,50900794,0.4388372343084599,18813218,906173,2.447231186788555
4,True,True,True,5000000,8,5000000,8,5000000,2,False,29814,399307,506048,506048,1577772,3136665,25395064,0.387880502253199,18813218,511495,1.2809567575825116
4,True,True,True,5000000,8,5000000,8,5000000,4,False,29814,431835,506048,506048,1577772,1283184,12314812,0.27551157564511186,18813218,349203,0.8086491368230921
4,True,True,True,5000000,8,5000000,8,5000000,8,False,29814,456115,506048,506048,1577772,564113,6322828,0.17306626918643558,18813218,285423,0.6257698168225119
4,True,True,True,5000000,8,5000000,8,5000000,16,False,29814,464270,506048,506048,1577772,344312,4253781,0.12520642168350143,18813218,265423,0.5716996575268701
4,True,True,True,5000000,8,5000000,16,5000000,1,False,29814,369875,506048,506048,1577772,7366100,49663261,0.4322087494193501,18813218,897701,2.4270388644812435
4,True,True,True,5000000,8,5000000,16,5000000,2,False,29814,400130,506048,506048,1577772,3118377,25021776,0.38244513723272927,18813218,511139,1.2774323344912903
4,True,True,True,5000000,8,5000000,16,5000000,4,False,29814,433684,506048,506048,1577772,1251353,11844814,0.26508618065800593,18813218,349085,0.804929395596794
4,True,True,True,5000000,8,5000000,16,5000000,8,False,29814,458893,506048,506048,1577772,515676,5646943,0.15576845627957064,18813218,283220,0.6171809114543042
4,True,True,True,5000000,8,5000000,16,5000000,16,False,29814,468540,506048,506048,1577772,295399,3575575,0.10630779240734187,18813218,262767,0.5608208477397875
4,True,True,True,5000000,16,5000000,1,5000000,1,False,29814,373401,506048,506048,1577772,8419050,61237682,0.5094071361224657,18813218,939169,2.5151753744633787
4,True,True,True,5000000,16,5000000,1,5000000,2,False,29814,408497,506048,506048,1577772,4891697,42151652,0.5592925596597809,18813218,588797,1.4413741104585835
4,True,True,True,5000000,16,5000000,1,5000000,4,False,29814,423395,506048,506048,1577772,4005399,36411255,0.5862144973302641,18813218,485254,1.1461023394229974
4,True,True,True,5000000,16,5000000,1,5000000,8,False,29814,429020,506048,506048,1577772,3866115,35707325,0.6122789560539051,18813218,455615,1.0619901170108619
4,True,True,True,5000000,16,5000000,1,5000000,16,False,29814,430177,506048,506048,1577772,3918289,36226795,0.6286719739165686,18813218,450190,1.0465227104191996
4,True,True,True,5000000,16,5000000,2,5000000,1,False,29814,368941,506048,506048,1577772,7783150,54398900,0.4674791871307527,18813218,909113,2.464114858473306
4,True,True,True,5000000,16,5000000,2,5000000,2,False,29814,397693,506048,506048,1577772,3433464,28826332,0.43056497551845246,18813218,523047,1.3152029329155908
4,True,True,True,5000000,16,5000000,2,5000000,4,False,29814,422125,506048,506048,1577772,1893904,18618297,0.38421018723106953,18813218,378583,0.8968504589872668
4,True,True,True,5000000,16,5000000,2,5000000,8,False,29814,432901,506048,506048,1577772,1433713,14959327,0.35133684516884467,18813218,332643,0.7684043233903364
4,True,True,True,5000000,16,5000000,2,5000000,16,False,29814,434294,506048,506048,1577772,1330961,14089586,0.3431529596290235,18813218,320775,0.7386125527868218
4,True,True,True,5000000,16,5000000,4,5000000,1,False,29814,370177,506048,506048,1577772,7554418,50903737,0.43861139759973616,18813218,906692,2.4493472041752997
4,True,True,True,5000000,16,5000000,4,5000000,2,False,29814,398012,506048,506048,1577772,3194548,26051318,0.3960603761899758,18813218,513876,1.291106800799976
4,True,True,True,5000000,16,5000000,4,5000000,4,False,29814,429818,506048,506048,1577772,1369274,13334387,0.2945206480944842,18813218,353710,0.8229297051310089
4,True,True,True,5000000,16,5000000,4,5000000,8,False,29814,448717,506048,506048,1577772,676161,7642145,0.2045520998927634,18813218,291878,0.6504723467129616
4,True,True,True,5000000,16,5000000,4,5000000,16,False,29814,453729,506048,506048,1577772,485875,5927968,0.16885395626271538,18813218,274274,0.604488582391692
4,True,True,True,5000000,16,5000000,8,5000000,1,False,29814,369094,506048,506048,1577772,7411406,49872217,0.43390689382760733,18813218,897950,2.432849084515056
4,True,True,True,5000000,16,5000000,8,5000000,2,False,29814,399851,506048,506048,1577772,3116259,25080982,0.3824133754788823,18813218,512391,1.2814548419286185
4,True,True,True,5000000,16,5000000,8,5000000,4,False,29814,433134,506048,506048,1577772,1247902,11840758,0.2654379499602586,18813218,348503,0.8046078119011668
4,True,True,True,5000000,16,5000000,8,5000000,8,False,29814,458063,506048,506048,1577772,524468,5753985,0.1585515383672577,18813218,283523,0.6189607106446057
4,True,True,True,5000000,16,5000000,8,5000000,16,False,29814,467907,506048,506048,1577772,295950,3582135,0.106449357690596,18813218,262899,0.5618616519949478
4,True,True,True,5000000,16,5000000,16,5000000,1,False,29814,370009,506048,506048,1577772,7368650,49344668,0.4299485727685079,18813218,896631,2.4232680826682595
4,True,True,True,5000000,16,5000000,16,5000000,2,False,29814,399775,506048,506048,1577772,3059391,24406897,0.3746345735677531,18813218,508973,1.273148646113439
4,True,True,True,5000000,16,5000000,16,5000000,4,False,29814,434633,506048,506048,1577772,1205614,11292045,0.25445444481380103,18813218,346699,0.7976821824389773
4,True,True,True,5000000,16,5000000,16,5000000,8,False,29814,462171,506048,506048,1577772,474261,5030564,0.1396301564659445,18813218,281467,0.6090105177520875
4,True,True,True,5000000,16,5000000,16,5000000,16,False,29814,473212,506048,506048,1577772,241873,2825762,0.08502087609808325,18813218,259657,0.5487117824569115
4,True,False,True,5000000,1,5000000,1,5000000,1,False,29814,400249,506048,506048,1577772,9353945,61653103,0.44514104448731573,18813218,1082050,2.703442107288213
4,True,False,True,5000000,1,5000000,1,5000000,2,False,29814,410497,506048,506048,1577772,4578219,36107995,0.4617832843124416,18813218,610879,1.4881448585495143
4,True,False,True,5000000,1,5000000,1,5000000,4,False,29814,427721,506048,506048,1577772,3078556,29051689,0.4934940876560336,18813218,459917,1.0752733674521475
4,True,False,True,5000000,1,5000000,1,5000000,8,False,29814,433956,506048,506048,1577772,2951532,29092575,0.525405619135627,18813218,432591,0.9968545198130686
4,True,False,True,5000000,1,5000000,1,5000000,16,False,29814,433270,506048,506048,1577772,3001905,30258840,0.5554706224446637,18813218,425580,0.982251252106077
4,True,False,True,5000000,1,5000000,2,5000000,1,False,29814,400445,506048,506048,1577772,9367739,61693533,0.44525642212227673,18813218,1082479,2.703190200901497
4,True,False,True,5000000,1,5000000,2,5000000,2,False,29814,409349,506048,506048,1577772,4579547,36194841,0.4648816972028731,18813218,608267,1.48593742747631
4,True,False,True,5000000,1,5000000,2,5000000,4,False,29814,424840,506048,506048,1577772,3138690,29587415,0.5087759744315243,18813218,454329,1.0694120139346577
4,True,False,True,5000000,1,5000000,2,5000000,8,False,29814,431091,506048,506048,1577772,3010126,29536810,0.5414552795428201,18813218,426178,0.9886033343308025
4,True,False,True,5000000,1,5000000,2,5000000,16,False,29814,431943,506048,506048,1577772,3087246,30597167,0.5683980472939073,18813218,420551,0.9736261497466101
4,True,False,True,5000000,1,5000000,4,5000000,1,False,29814,400440,506048,506048,1577772,9401318,61985662,0.44703069209203833,18813218,1083288,2.70524423134552
4,True,False,True,5000000,1,5000000,4,5000000,2,False,29814,410265,506048,506048,1577772,4572272,36153760,0.4634405364696308,18813218,609466,1.4855422714586914
4,True,False,True,5000000,1,5000000,4,5000000,4,False,29814,425197,506048,506048,1577772,3080325,28912178,0.499269232660793,18813218,452414,1.064010329329699
4,True,False,True,5000000,1,5000000,4,5000000,8,False,29814,430746,506048,506048,1577772,3039088,29866398,0.5496703935636159,18813218,424493,0.9854833242792737
4,True,False,True,5000000,1,5000000,4,5000000,16,False,29814,430614,506048,506048,1577772,3052574,30638811,0.5728809724037164,18813218,417828,0.9703075143864343
4,True,False,True,5000000,1,5000000,8,5000000,1,False,29814,400505,506048,506048,1577772,9318054,61654042,0.4449183851634202,18813218,1082608,2.703107326999663
4,True,False,True,5000000,1,5000000,8,5000000,2,False,29814,409445,506048,506048,1577772,4563534,35914680,0.46121434665114946,18813218,608358,1.485811281124449
4,True,False,True,5000000,1,5000000,8,5000000,4,False,29814,424736,506048,506048,1577772,3103412,29272731,0.505883444129963,18813218,452067,1.0643482068861598
4,True,False,True,5000000,1,5000000,8,5000000,8,False,29814,430174,506048,506048,1577772,3019241,29737668,0.5490083990471982,18813218,423173,0.9837251902718435
4,True,False,True,5000000,1,5000000,8,5000000,16,False,29814,431654,506048,506048,1577772,3069033,30602714,0.5693675639004455,18813218,419911,0.9727953407127005
4,True,False,True,5000000,1,5000000,16,5000000,1,False,29814,400163,506048,506048,1577772,9356409,61935428,0.4473626106802193,18813218,1081607,2.702916061704855
4,True,False,True,5000000,1,5000000,16,5000000,2,False,29814,410047,506048,506048,1577772,4555959,35895728,0.46111270514378355,18813218,608171,1.4831738800674068
4,True,False,True,5000000,1,5000000,16,5000000,4,False,29814,424744,506048,506048,1577772,3116192,29418348,0.507394298761709,18813218,452963,1.066437665982333
4,True,False,True,5000000,1,5000000,16,5000000,8,False,29814,430590,506048,506048,1577772,3034049,30023768,0.5530096156339811,18813218,424153,0.9850507443275506
4,True,False,True,5000000,1,5000000,16,5000000,16,False,29814,433116,506048,506048,1577772,3083740,30536160,0.5683255671016709,18813218,419766,0.9691768486964232
4,True,False,True,5000000,2,5000000,1,5000000,1,False,29814,400693,506048,506048,1577772,9339162,61324138,0.4428317767580593,18813218,1081889,2.7000446726047125
4,True,False,True,5000000,2,5000000,1,5000000,2,False,29814,409880,506048,506048,1577772,4547262,35791946,0.4589193008578542,18813218,609311,1.4865594808236557
4,True,False,True,5000000,2,5000000,1,5000000,4,False,29814,425294,506048,506048,1577772,3064197,28930895,0.4982927842685309,18813218,453594,1.0665422037461145
4,True,False,True,5000000,2,5000000,1,5000000,8,False,29814,432015,506048,506048,1577772,2948123,28846728,0.5294846063844034,18813218,425631,0.9852227353216902
4,True,False,True,5000000,2,5000000,1,5000000,16,False,29814,432122,506048,506048,1577772,3054629,30172246,0.5623523492314556,18813218,419169,0.9700246689592291
4,True,False,True,5000000,2,5000000,2,5000000,1,False,29814,401087,506048,506048,1577772,9226756,59848627,0.431927744458958,18813218,1082513,2.6989481085151104
4,True,False,True,5000000,2,5000000,2,5000000,2,False,29814,408344,506048,506048,1577772,4314958,33223552,0.43402192524814726,18813218,598032,1.4645299061575534
4,True,False,True,5000000,2,5000000,2,5000000,4,False,29814,428978,506048,506048,1577772,2017329,18893892,0.3717275043567169,18813218,397088,0.9256605233834835
4,True,False,True,5000000,2,5000000,2,5000000,8,False,29814,439965,506048,506048,1577772,1274633,13975761,0.33436729142933264,18813218,326544,0.7422044935392588
4,True,False,True,5000000,2,5000000,2,5000000,16,False,29814,442237,506048,506048,1577772,1099794,12679204,0.3207469522067157,18813218,308830,0.6983359601299756
4,True,False,True,5000000,2,5000000,4,5000000,1,False,29814,400591,506048,506048,1577772,9184857,59642526,0.4314454790595477,18813218,1079991,2.69599416861587
4,True,False,True,5000000,2,5000000,4,5000000,2,False,29814,408495,506048,506048,1577772,4271125,32688832,0.4288133401840975,18813218,595554,1.457922373590864
4,True,False,True,5000000,2,5000000,4,5000000,4,False,29814,429453,506048,506048,1577772,1919575,17782810,0.35373820316339183,18813218,392743,0.9145191674059793
4,True,False,True,5000000,2,5000000,4,5000000,8,False,29814,443308,506048,506048,1577772,1108493,12098146,0.29739835382238555,18813218,317812,0.7169101392260009
4,True,False,True,5000000,2,5000000,4,5000000,16,False,29814,446742,506048,506048,1577772,915610,10590610,0.27709022312458137,18813218,298600,0.6683947334255566
4,True,False,True,5000000,2,5000000,8,5000000,1,False,29814,400510,506048,506048,1577772,9160877,59190094,0.4283658137209311,18813218,1079504,2.695323462585204
4,True,False,True,5000000,2,5000000,8,5000000,2,False,29814,408134,506048,506048,1577772,4271167,32738832,0.4287737628243814,18813218,596520,1.4615787951996158
4,True,False,True,5000000,2,5000000,8,5000000,4,False,29814,430104,506048,506048,1577772,1899065,17433774,0.3471053420431609,18813218,392392,0.9123188810148243
4,True,False,True,5000000,2,5000000,8,5000000,8,False,29814,444159,506048,506048,1577772,1070376,11594342,0.2866834731976415,18813218,315961,0.7113691268217013
4,True,False,True,5000000,2,5000000,8,5000000,16,False,29814,447548,506048,506048,1577772,880956,10088412,0.2652843622832793,18813218,297099,0.6638371750069266
4,True,False,True,5000000,2,5000000,16,5000000,1,False,29814,400042,506048,506048,1577772,9174207,59233438,0.43032665382304913,18813218,1075372,2.688147744486829
4,True,False,True,5000000,2,5000000,16,5000000,2,False,29814,409071,506048,506048,1577772,4249631,32413546,0.42413742946558824,18813218,597049,1.459524141285987
4,True,False,True,5000000,2,5000000,16,5000000,4,False,29814,429455,506048,506048,1577772,1895429,17489947,0.3488870330285513,18813218,391646,0.9119605080858297
4,True,False,True,5000000,2,5000000,16,5000000,8,False,29814,444183,506048,506048,1577772,1063680,11469710,0.28384705587478776,18813218,315688,0.7107160787333149
4,True,False,True,5000000,2,5000000,16,5000000,16,False,29814,447801,506048,506048,1577772,865787,9938712,0.2621791397805894,18813218,296157,0.6613585052288852
4,True,False,True,5000000,4,5000000,1,5000000,1,False,29814,401013,506048,506048,1577772,9361608,61613594,0.44453328819718607,18813218,1082835,2.700249119105864
4,True,False,True,5000000,4,5000000,1,5000000,2,False,29814,409471,506048,506048,1577772,4573751,36033241,0.46219444550480077,18813218,609072,1.487460650448994
4,True,False,True,5000000,4,5000000,1,5000000,4,False,29814,425738,506048,506048,1577772,3086344,29185322,0.5032018699833819,18813218,453119,1.0643142026316654
4,True,False,True,5000000,4,5000000,1,5000000,8,False,29814,430673,506048,506048,1577772,2976158,29204481,0.5383659024223634,18813218,423801,0.984043578306511
4,True,False,True,5000000,4,5000000,1,5000000,16,False,29814,431770,506048,506048,1577772,2986503,29861067,0.5581651408454916,18813218,417958,0.9680107464622368
4,True,False,True,5000000,4,5000000,2,5000000,1,False,29814,400895,506048,506048,1577772,9185668,58884316,0.4263301859034062,18813218,1079055,2.6916150114119657
4,True,False,True,5000000,4,5000000,2,5000000,2,False,29814,408762,506048,506048,1577772,4262164,32637792,0.42719837754158346,18813218,596872,1.4601944407748273
4,True,False,True,5000000,4,5000000,2,5000000,4,False,29814,429453,506048,506048,1577772,1895311,17410565,0.34666445546655184,18813218,392368,0.9136459635862364
4,True,False,True,5000000,4,5000000,2,5000000,8,False,29814,443438,506048,506048,1577772,1081789,11678458,0.2875647007513915,18813218,317278,0.7154957401034643
4,True,False,True,5000000,4,5000000,2,5000000,16,False,29814,447225,506048,506048,1577772,882256,10195268,0.2678156984680977,18813218,297408,0.665007546536978
4,True,False,True,5000000,4,5000000,4,5000000,1,False,29814,400652,506048,506048,1577772,9086266,57949297,0.42057937482175056,18813218,1076441,2.686723141279714
4,True,False,True,5000000,4,5000000,4,5000000,2,False,29814,408883,506048,506048,1577772,4204054,31977653,0.4198577100461494,18813218,595024,1.455242697788854
4,True,False,True,5000000,4,5000000,4,5000000,4,False,29814,431206,506048,506048,1577772,1762830,15842024,0.3199389220922237,18813218,386842,0.8971164594184682
4,True,False,True,5000000,4,5000000,4,5000000,8,False,29814,452426,506048,506048,1577772,801665,8606192,0.22309261366841307,18813218,301381,0.6661442976309938
4,True,False,True,5000000,4,5000000,4,5000000,16,False,29814,460565,506048,506048,1577772,520831,6223472,0.17575631330475205,18813218,276638,0.6006492026098379
4,True,False,True,5000000,4,5000000,8,5000000,1,False,29814,401243,506048,506048,1577772,9086143,58162426,0.4215622625549574,18813218,1077881,2.686354652916063
4,True,False,True,5000000,4,5000000,8,5000000,2,False,29814,408723,506048,506048,1577772,4185163,31678004,0.41693662206146453,18813218,593578,1.4522745233324281
4,True,False,True,5000000,4,5000000,8,5000000,4,False,29814,431779,506048,506048,1577772,1736428,15463559,0.3132202610513352,18813218,385700,0.8932810535019072
4,True,False,True,5000000,4,5000000,8,5000000,8,False,29814,454551,506048,506048,1577772,745729,7823460,0.20392286679456167,18813218,299725,0.6593869554791432
4,True,False,True,5000000,4,5000000,8,5000000,16,False,29814,463484,506048,506048,1577772,451897,5334440,0.1527558618591541,18813218,272823,0.5886352063933167
4,True,False,True,5000000,4,5000000,16,5000000,1,False,29814,400897,506048,506048,1577772,9090916,57496685,0.4168765791470228,18813218,1077520,2.6877726697880004
4,True,False,True,5000000,4,5000000,16,5000000,2,False,29814,408215,506048,506048,1577772,4185472,31740393,0.4182143259954801,18813218,592930,1.4524943963352646
4,True,False,True,5000000,4,5000000,16,5000000,4,False,29814,431137,506048,506048,1577772,1725659,15361612,0.31178256941630034,18813218,384924,0.8928113337523803
4,True,False,True,5000000,4,5000000,16,5000000,8,False,29814,455325,506048,506048,1577772,720683,7504356,0.1965739292468013,18813218,298248,0.6550222368637786
4,True,False,True,5000000,4,5000000,16,5000000,16,False,29814,464724,506048,506048,1577772,426052,4972673,0.14291760897516076,18813218,271828,0.5849235245005637
4,True,False,True,5000000,8,5000000,1,5000000,1,False,29814,399876,506048,506048,1577772,9362819,61834517,0.4468072258198628,18813218,1081187,2.703805679760726
4,True,False,True,5000000,8,5000000,1,5000000,2,False,29814,409823,506048,506048,1577772,4552682,35838789,0.4595825192908074,18813218,609228,1.4865637116511274
4,True,False,True,5000000,8,5000000,1,5000000,4,False,29814,425552,506048,506048,1577772,3063910,28812151,0.4957917973077745,18813218,454011,1.066875493476708
4,True,False,True,5000000,8,5000000,1,5000000,8,False,29814,430501,506048,506048,1577772,3001763,29697411,0.5457516276210124,18813218,425122,0.987505255504633
4,True,False,True,5000000,8,5000000,1,5000000,16,False,29814,431869,506048,506048,1577772,3031133,30124774,0.5616980476590524,18813218,418997,0.9701946655119955
4,True,False,True,5000000,8,5000000,2,5000000,1,False,29814,400080,506048,506048,1577772,9218535,59653859,0.43270860442665704,18813218,1077043,2.6920690861827636
4,True,False,True,5000000,8,5000000,2,5000000,2,False,29814,408826,506048,506048,1577772,4257905,32476523,0.4244297578233079,18813218,597797,1.4622284296986983
4,True,False,True,5000000,8,5000000,2,5000000,4,False,29814,429275,506048,506048,1577772,1898553,17457278,0.34821846316367305,18813218,391665,0.9123871644051016
4,True,False,True,5000000,8,5000000,2,5000000,8,False,29814,443643,506048,506048,1577772,1068634,11544908,0.28511825451016465,18813218,316341,0.7130530629357389
4,True,False,True,5000000,8,5000000,2,5000000,16,False,29814,447664,506048,506048,1577772,872425,10013949,0.26363686672069664,18813218,296749,0.6628833232066907
4,True,False,True,5000000,8,5000000,4,5000000,1,False,29814,400515,506048,506048,1577772,9081662,57758775,0.41898993630985765,18813218,1076972,2.688967953759535
4,True,False,True,5000000,8,5000000,4,5000000,2,False,29814,408817,506048,506048,1577772,4182260,31661817,0.4164429411737472,18813218,593978,1.4529190322320256
4,True,False,True,5000000,8,5000000,4,5000000,4,False,29814,431406,506048,506048,1577772,1722550,15319014,0.3108759945425169,18813218,384976,0.8923751639986462
4,True,False,True,5000000,8,5000000,4,5000000,8,False,29814,455596,506048,506048,1577772,724884,7547824,0.19738694182232042,18813218,298740,0.6557125172301776
4,True,False,True,5000000,8,5000000,4,5000000,16,False,29814,463534,506048,506048,1577772,433005,5104859,0.14680582537003567,18813218,271663,0.5860691988074229
4,True,False,True,5000000,8,5000000,8,5000000,1,False,29814,400960,506048,506048,1577772,9031881,56858302,0.4138430605515169,18813218,1073367,2.676992717478053
4,True,False,True,5000000,8,5000000,8,5000000,2,False,29814,408339,506048,506048,1577772,4168658,31525349,0.41581709020053753,18813218,592308,1.4505300742765201
4,True,False,True,5000000,8,5000000,8,5000000,4,False,29814,431853,506048,506048,1577772,1695034,14952933,0.30411999526845496,18813218,384124,0.8894785957258604
4,True,False,True,5000000,8,5000000,8,5000000,8,False,29814,457574,506048,506048,1577772,661130,6733348,0.17806969625677863,18813218,295414,0.6456092347904383
4,True,False,True,5000000,8,5000000,8,5000000,16,False,29814,469031,506048,506048,1577772,349994,3958574,0.11549684568357682,18813218,267768,0.5708961667778889
4,True,False,True,5000000,8,5000000,16,5000000,1,False,29814,401048,506048,506048,1577772,9039672,57107301,0.4140153329353881,18813218,1077619,2.6870075402445592
4,True,False,True,5000000,8,5000000,16,5000000,2,False,29814,408688,506048,506048,1577772,4146773,31226621,0.41207029468523554,18813218,592030,1.4486111654856517
4,True,False,True,5000000,8,5000000,16,5000000,4,False,29814,432058,506048,506048,1577772,1679873,14676695,0.2987225919328366,18813218,383840,0.888399242694268
4,True,False,True,5000000,8,5000000,16,5000000,8,False,29814,458297,506048,506048,1577772,636918,6417684,0.17031202231733414,18813218,294390,0.6423563758872521
4,True,False,True,5000000,8,5000000,16,5000000,16,False,29814,469954,506048,506048,1577772,319813,3594737,0.10578331285195021,18813218,265485,0.5649169918758006
4,True,False,True,5000000,16,5000000,1,5000000,1,False,29814,401074,506048,506048,1577772,9365138,61173766,0.4404711865910306,18813218,1085020,2.7052863062676713
4,True,False,True,5000000,16,5000000,1,5000000,2,False,29814,409241,506048,506048,1577772,4566690,35862058,0.46014224123064895,18813218,608882,1.487832353063354
4,True,False,True,5000000,16,5000000,1,5000000,4,False,29814,424734,506048,506048,1577772,3079982,28946509,0.499048005001633,18813218,453152,1.0669077587384104
4,True,False,True,5000000,16,5000000,1,5000000,8,False,29814,430343,506048,506048,1577772,3025292,30164937,0.5553872175500739,18813218,424323,0.9860111585409778
4,True,False,True,5000000,16,5000000,1,5000000,16,False,29814,432397,506048,506048,1577772,3075692,30834817,0.5736066419485724,18813218,419969,0.9712578949437669
4,True,False,True,5000000,16,5000000,2,5000000,1,False,29814,400450,506048,506048,1577772,9168377,58955194,0.42690625706740964,18813218,1078896,2.6942090148582842
4,True,False,True,5000000,16,5000000,2,5000000,2,False,29814,409207,506048,506048,1577772,4227818,32238154,0.42304197509557306,18813218,595356,1.454901797867583
4,True,False,True,5000000,16,5000000,2,5000000,4,False,29814,430007,506048,506048,1577772,1885462,17206547,0.34247391421346957,18813218,392515,0.912810721685926
4,True,False,True,5000000,16,5000000,2,5000000,8,False,29814,443748,506048,506048,1577772,1070842,11593416,0.2864031447137504,18813218,316245,0.7126680007571865
4,True,False,True,5000000,16,5000000,2,5000000,16,False,29814,446824,506048,506048,1577772,865907,9952713,0.26218816279959806,18813218,296564,0.6637154673876068
4,True,False,True,5000000,16,5000000,4,5000000,1,False,29814,400001,506048,506048,1577772,9081485,57647791,0.4192733473727769,18813218,1074176,2.685433286416784
4,True,False,True,5000000,16,5000000,4,5000000,2,False,29814,408280,506048,506048,1577772,4196943,31944145,0.42095364755259734,18813218,592853,1.4520745566767905
4,True,False,True,5000000,16,5000000,4,5000000,4,False,29814,432045,506048,506048,1577772,1719578,15246166,0.30873283621259445,18813218,385805,0.8929741114930158
4,True,False,True,5000000,16,5000000,4,5000000,8,False,29814,455073,506048,506048,1577772,718566,7506660,0.1967008933512663,18813218,298147,0.6551630178015395
4,True,False,True,5000000,16,5000000,4,5000000,16,False,29814,464298,506048,506048,1577772,424311,4969163,0.14311947125930405,18813218,271253,0.5842217713623578
4,True,False,True,5000000,16,5000000,8,5000000,1,False,29814,400135,506048,506048,1577772,9026814,57105389,0.41581038441661206,18813218,1072931,2.681422519899534
4,True,False,True,5000000,16,5000000,8,5000000,2,False,29814,409437,506048,506048,1577772,4139531,31159037,0.41147870101403317,18813218,591598,1.4449060539228258
4,True,False,True,5000000,16,5000000,8,5000000,4,False,29814,432278,506048,506048,1577772,1675022,14624277,0.2982259846165291,18813218,383106,0.8862491267193796
4,True,False,True,5000000,16,5000000,8,5000000,8,False,29814,458208,506048,506048,1577772,634580,6372983,0.16932475985736828,18813218,294044,0.6417260283539353
4,True,False,True,5000000,16,5000000,8,5000000,16,False,29814,470451,506048,506048,1577772,314729,3499462,0.10303163310106236,18813218,265351,0.5640353618123886
4,True,False,True,5000000,16,5000000,16,5000000,1,False,29814,400429,506048,506048,1577772,8990801,56203129,0.4088603113543819,18813218,1073929,2.6819461127940283
4,True,False,True,5000000,16,5000000,16,5000000,2,False,29814,408940,506048,506048,1577772,4143327,31089293,0.41074861211638986,18813218,591323,1.4459896317308163
4,True,False,True,5000000,16,5000000,16,5000000,4,False,29814,432333,506048,506048,1577772,1654036,14378142,0.2935652872297054,18813218,382638,0.8850538820770101
4,True,False,True,5000000,16,5000000,16,5000000,8,False,29814,458939,506048,506048,1577772,613595,6088653,0.16219563874785609,18813218,293273,0.6390239225692304
4,True,False,True,5000000,16,5000000,16,5000000,16,False,29814,471945,506048,506048,1577772,287563,3112609,0.0921555065050479,18813218,263872,0.5591159986862876
4,True,True,True,5000000,1,5000000,1,5000000,1,False,29814,371948,506048,506048,1577772,7619490,51591338,0.4415242449147037,18813218,912877,2.4543135061890373
4,True,True,True,5000000,1,5000000,1,5000000,2,False,29814,400531,506048,506048,1577772,3533426,29216234,0.4293740841190236,18813218,531592,1.3272181179484235
4,True,True,True,5000000,1,5000000,1,5000000,4,False,29814,409330,506048,506048,1577772,2400173,22550880,0.42246264039824666,18813218,417028,1.0188063420711895
4,True,True,True,5000000,1,5000000,1,5000000,8,False,29814,410272,506048,506048,1577772,2107830,20968513,0.4275251134275812,18813218,383174,0.9339511348568754
4,True,True,True,5000000,1,5000000,1,5000000,16,False,29814,410691,506048,506048,1577772,2043557,20217206,0.42095717819935025,18813218,375209,0.9136041452089284
4,True,True,True,5000000,1,5000000,2,5000000,1,False,29814,372101,506048,506048,1577772,7636304,52082863,0.44620734156466374,18813218,911902,2.4506840884598535
4,True,True,True,5000000,1,5000000,2,5000000,2,False,29814,400107,506048,506048,1577772,3560990,29477117,0.43362169250214183,18813218,531085,1.3273574318869703
4,True,True,True,5000000,1,5000000,2,5000000,4,False,29814,407769,506048,506048,1577772,2399788,22534171,0.42524441460966733,18813218,413993,1.0152635438201532
4,True,True,True,5000000,1,5000000,2,5000000,8,False,29814,410404,506048,506048,1577772,2088472,20411659,0.41822562743907554,18813218,381292,0.9290650188594654
4,True,True,True,5000000,1,5000000,2,5000000,16,False,29814,409203,506048,506048,1577772,2028807,20075220,0.4222331423240938,18813218,371448,0.9077352805331339
4,True,True,True,5000000,1,5000000,4,5000000,1,False,29814,370820,506048,506048,1577772,7624585,52243807,0.4488862297926558,18813218,909261,2.452027938083167
4,True,True,True,5000000,1,5000000,4,5000000,2,False,29814,399932,506048,506048,1577772,3536940,29342007,0.4324060189866016,18813218,530137,1.3255678465339107
4,True,True,True,5000000,1,5000000,4,5000000,4,False,29814,406036,506048,506048,1577772,2415494,22835869,0.43185889124567306,18813218,413110,1.0174221005034036
4,True,True,True,5000000,1,5000000,4,5000000,8,False,29814,407060,506048,506048,1577772,2096086,20682593,0.42709136610472787,18813218,378333,0.9294280941384563
4,True,True,True,5000000,1,5000000,4,5000000,16,False,29814,408723,506048,506048,1577772,2027658,20193005,0.42640023018384976,18813218,369976,0.9051998541799703
4,True,True,True,5000000,1,5000000,8,5000000,1,False,29814,370459,506048,506048,1577772,7558464,51775832,0.44596249658222936,18813218,907024,2.448378902928529
4,True,True,True,5000000,1,5000000,8,5000000,2,False,29814,399909,506048,506048,1577772,3532857,29306407,0.4316753797912857,18813218,530390,1.3262767279556098
4,True,True,True,5000000,1,5000000,8,5000000,4,False,29814,408036,506048,506048,1577772,2383091,22612352,0.4291610589887231,18813218,411638,1.0088276524620376
4,True,True,True,5000000,1,5000000,8,5000000,8,False,29814,407549,506048,506048,1577772,2090474,20737031,0.4283490995531642,18813218,378215,0.9280233787839008
4,True,True,True,5000000,1,5000000,8,5000000,16,False,29814,406385,506048,506048,1577772,2057329,20478317,0.433628635834492,18813218,368949,0.9078804581862028
4,True,True,True,5000000,1,5000000,16,5000000,1,False,29814,369206,506048,506048,1577772,7643958,52951062,0.45662532728039373,18813218,905951,2.4537818995357603
4,True,True,True,5000000,1,5000000,16,5000000,2,False,29814,399936,506048,506048,1577772,3555633,29485092,0.4336434750810426,18813218,531202,1.3282175148023683
4,True,True,True,5000000,1,5000000,16,5000000,4,False,29814,408057,506048,506048,1577772,2394358,22610852,0.4291013176880399,18813218,411668,1.0088492539032536
4,True,True,True,5000000,1,5000000,16,5000000,8,False,29814,407928,506048,506048,1577772,2084172,20444360,0.4219310115731385,18813218,378549,0.9279799376360535
4,True,True,True,5000000,1,5000000,16,5000000,16,False,29814,410480,506048,506048,1577772,2010719,19692361,0.4155017063699979,18813218,370267,0.9020342038588969
4,True,True,True,5000000,2,5000000,1,5000000,1,False,29814,370264,506048,506048,1577772,7621158,52535876,0.4531555002594592,18813218,905730,2.446173541040987
4,True,True,True,5000000,2,5000000,1,5000000,2,False,29814,399224,506048,506048,1577772,3548389,29607051,0.436615812841659,18813218,529768,1.3269943690760075
4,True,True,True,5000000,2,5000000,1,5000000,4,False,29814,407945,506048,506048,1577772,2383777,22468195,0.4248912516278405,18813218,413124,1.0126953388324407
4,True,True,True,5000000,2,5000000,1,5000000,8,False,29814,407564,506048,506048,1577772,2125063,20945879,0.4315551726263628,18813218,379186,0.9303716716883729
4,True,True,True,5000000,2,5000000,1,5000000,16,False,29814,408992,506048,506048,1577772,2031152,20368652,0.4300534391012475,18813218,370024,0.904721852750176
4,True,True,True,5000000,2,5000000,2,5000000,1,False,29814,369952,506048,506048,1577772,7458409,50429486,0.4388330461933791,18813218,897791,2.426776987284837
4,True,True,True,5000000,2,5000000,2,5000000,2,False,29814,400634,506048,506048,1577772,3196321,25996826,0.3950497325004425,18813218,514113,1.2832485510465912
4,True,True,True,5000000,2,5000000,2,5000000,4,False,29814,425018,506048,506048,1577772,1561097,15386523,0.3315859752994301,18813218,362522,0.8529568159466188
4,True,True,True,5000000,2,5000000,2,5000000,8,False,29814,433924,506048,506048,1577772,1032449,11562410,0.2894835908031906,18813218,312043,0.7191190162332575
4,True,True,True,5000000,2,5000000,2,5000000,16,False,29814,436662,506048,506048,1577772,882381,10281800,0.2697260063530866,18813218,297808,0.682010342095259
4,True,True,True,5000000,2,5000000,4,5000000,1,False,29814,371792,506048,506048,1577772,7455951,49669064,0.42965271711028213,18813218,903147,2.429172763265482
4,True,True,True,5000000,2,5000000,4,5000000,2,False,29814,400124,506048,506048,1577772,3163430,25454996,0.38774219610633964,18813218,512885,1.2818151373074347
4,True,True,True,5000000,2,5000000,4,5000000,4,False,29814,427152,506048,506048,1577772,1471017,14457174,0.3156777891981632,18813218,357791,0.8376198636550923
4,True,True,True,5000000,2,5000000,4,5000000,8,False,29814,439067,506048,506048,1577772,903656,10065638,0.25759067640738725,18813218,305282,0.6952970731118485
4,True,True,True,5000000,2,5000000,4,5000000,16,False,29814,441777,506048,506048,1577772,746276,8724785,0.23488799725870202,18813218,290191,0.6568721323201525
4,True,True,True,5000000,2,5000000,8,5000000,1,False,29814,370674,506048,506048,1577772,7390017,49207762,0.4261922527837397,18813218,902024,2.433469841424001
4,True,True,True,5000000,2,5000000,8,5000000,2,False,29814,400866,506048,506048,1577772,3132512,25296569,0.3860787110340328,18813218,511889,1.2769578861764281
4,True,True,True,5000000,2,5000000,8,5000000,4,False,29814,428580,506048,506048,1577772,1446323,14068734,0.3071574251193284,18813218,357836,0.8349339679873069
4,True,True,True,5000000,2,5000000,8,5000000,8,False,29814,439897,506048,506048,1577772,876822,9598616,0.24617532015613047,18813218,304617,0.6924734653793956
4,True,True,True,5000000,2,5000000,8,5000000,16,False,29814,442303,506048,506048,1577772,723725,8402215,0.2267037747667941,18813218,289551,0.6546439883970943
4,True,True,True,5000000,2,5000000,16,5000000,1,False,29814,369789,506048,506048,1577772,7389244,49466777,0.4307497456608388,18813218,897178,2.426188988855807
4,True,True,True,5000000,2,5000000,16,5000000,2,False,29814,400979,506048,506048,1577772,3117657,25022491,0.3821809104029857,18813218,511507,1.2756453579863285
4,True,True,True,5000000,2,5000000,16,5000000,4,False,29814,428131,506048,506048,1577772,1435046,13933280,0.30484842120002803,18813218,357075,0.8340321069952888
4,True,True,True,5000000,2,5000000,16,5000000,8,False,29814,440219,506048,506048,1577772,866962,9480982,0.2437440869901443,18813218,303885,0.6903041440737451
4,True,True,True,5000000,2,5000000,16,5000000,16,False,29814,442831,506048,506048,1577772,708740,8188236,0.22140746191944677,18813218,288927,0.6524543223035424
4,True,True,True,5000000,4,5000000,1,5000000,1,False,29814,371108,506048,506048,1577772,7606167,51862430,0.44628917867087575,18813218,907876,2.446392963773349
4,True,True,True,5000000,4,5000000,1,5000000,2,False,29814,399833,506048,506048,1577772,3542511,29407594,0.4324108969520963,18813218,531316,1.3288447927009526
4,True,True,True,5000000,4,5000000,1,5000000,4,False,29814,408431,506048,506048,1577772,2401539,22720454,0.43070108698289605,18813218,412127,1.0090492641351905
4,True,True,True,5000000,4,5000000,1,5000000,8,False,29814,409035,506048,506048,1577772,2094398,20635144,0.42547053599470047,18813218,378903,0.9263339323040816
4,True,True,True,5000000,4,5000000,1,5000000,16,False,29814,410664,506048,506048,1577772,1992810,19727308,0.4155746355083738,18813218,370859,0.903071610854616
4,True,True,True,5000000,4,5000000,2,5000000,1,False,29814,371138,506048,506048,1577772,7474300,49925253,0.4315668311196653,18813218,903779,2.435156195269684
4,True,True,True,5000000,4,5000000,2,5000000,2,False,29814,400738,506048,506048,1577772,3173210,25609609,0.389551989206644,18813218,513603,1.2816428689068669
4,True,True,True,5000000,4,5000000,2,5000000,4,False,29814,427998,506048,506048,1577772,1448589,14126157,0.3087139364239059,18813218,357485,0.8352492301365895
4,True,True,True,5000000,4,5000000,2,5000000,8,False,29814,439905,506048,506048,1577772,869542,9577226,0.24619490423277637,18813218,303914,0.6908627999227106
4,True,True,True,5000000,4,5000000,2,5000000,16,False,29814,442346,506048,506048,1577772,722344,8354145,0.2253437389946553,18813218,289632,0.6547634657033182
4,True,True,True,5000000,4,5000000,4,5000000,1,False,29814,370802,506048,506048,1577772,7381931,49357482,0.4287566874166766,18813218,899357,2.4254372953759686
4,True,True,True,5000000,4,5000000,4,5000000,2,False,29814,400973,506048,506048,1577772,3077504,24532118,0.37603505711437984,18813218,509679,1.271105535784205
4,True,True,True,5000000,4,5000000,4,5000000,4,False,29814,432927,506048,506048,1577772,1281391,12230734,0.27359764456184055,18813218,349245,0.8067064424256284
4,True,True,True,5000000,4,5000000,4,5000000,8,False,29814,452032,506048,506048,1577772,619148,6946577,0.18804880460054887,18813218,288596,0.6384415262636274
4,True,True,True,5000000,4,5000000,4,5000000,16,False,29814,457080,506048,506048,1577772,433633,5308766,0.15299700597974045,18813218,271082,0.5930734225956069
4,True,True,True,5000000,4,5000000,8,5000000,1,False,29814,371121,506048,506048,1577772,7296701,48366774,0.42241546934999746,18813218,894535,2.410359424554256
4,True,True,True,5000000,4,5000000,8,5000000,2,False,29814,401016,506048,506048,1577772,3047547,24295109,0.3733837833856934,18813218,508339,1.2676277255770343
4,True,True,True,5000000,4,5000000,8,5000000,4,False,29814,433824,506048,506048,1577772,1258325,11888226,0.26635072920639746,18813218,348701,0.8037844840303902
4,True,True,True,5000000,4,5000000,8,5000000,8,False,29814,455462,506048,506048,1577772,567542,6227912,0.17012137025576476,18813218,286005,0.62794481208092
4,True,True,True,5000000,4,5000000,8,5000000,16,False,29814,462148,506048,506048,1577772,372111,4472831,0.13043524032019052,18813218,267903,0.5796909215229753
4,True,True,True,5000000,4,5000000,16,5000000,1,False,29814,370043,506048,506048,1577772,7330905,48813293,0.42658748178058625,18813218,893964,2.4158381593490486
4,True,True,True,5000000,4,5000000,16,5000000,2,False,29814,400472,506048,506048,1577772,3055028,24392353,0.37498083001279026,18813218,508200,1.2690025769591882
4,True,True,True,5000000,4,5000000,16,5000000,4,False,29814,434685,506048,506048,1577772,1225418,11509150,0.25924199520526814,18813218,346839,0.7979088305324545
4,True,True,True,5000000,4,5000000,16,5000000,8,False,29814,455697,506048,506048,1577772,549991,6005557,0.16454345385473254,18813218,285143,0.6257293771958121
4,True,True,True,5000000,4,5000000,16,5000000,16,False,29814,462612,506048,506048,1577772,353703,4228823,0.12397436165043078,18813218,266488,0.5760507725696696
4,True,True,True,5000000,8,5000000,1,5000000,1,False,29814,370617,506048,506048,1577772,7613471,51795972,0.4456358089713912,18813218,908042,2.4500818904691366
4,True,True,True,5000000,8,5000000,1,5000000,2,False,29814,400407,506048,506048,1577772,3549903,29274905,0.4301837374707753,18813218,531657,1.3277914721770598
4,True,True,True,5000000,8,5000000,1,5000000,4,False,29814,408049,506048,506048,1577772,2394673,22698221,0.42935658577938224,18813218,413013,1.0121652056493216
4,True,True,True,5000000,8,5000000,1,5000000,8,False,29814,408541,506048,506048,1577772,2072485,20363911,0.41985700140794147,18813218,378922,0.9275005446209805
4,True,True,True,5000000,8,5000000,1,5000000,16,False,29814,409688,506048,506048,1577772,2028145,20242760,0.42778733922122886,18813218,369685,0.9023574036828025
4,True,True,True,5000000,8,5000000,2,5000000,1,False,29814,370971,506048,506048,1577772,7421022,49857472,0.4320742724283743,18813218,901492,2.430087527057371
4,True,True,True,5000000,8,5000000,2,5000000,2,False,29814,400574,506048,506048,1577772,3158308,25445049,0.3870081500154773,18813218,513657,1.2823023960616515
4,True,True,True,5000000,8,5000000,2,5000000,4,False,29814,427697,506048,506048,1577772,1440652,14046795,0.30717976648836115,18813218,357252,0.8352922746710872
4,True,True,True,5000000,8,5000000,2,5000000,8,False,29814,440072,506048,506048,1577772,867424,9542975,0.24521277525161164,18813218,304040,0.69088694577251
4,True,True,True,5000000,8,5000000,2,5000000,16,False,29814,442290,506048,506048,1577772,709137,8259433,0.22360812525340384,18813218,288571,0.6524474892039159
4,True,True,True,5000000,8,5000000,4,5000000,1,False,29814,370432,506048,506048,1577772,7343867,48948749,0.4269912712553749,18813218,895597,2.4177095931237043
4,True,True,True,5000000,8,5000000,4,5000000,2,False,29814,400790,506048,506048,1577772,3047851,24252671,0.3722029230043158,18813218,509061,1.2701439656678062
4,True,True,True,5000000,8,5000000,4,5000000,4,False,29814,433937,506048,506048,1577772,1237325,11708832,0.26344130149295,18813218,347232,0.8001898893157302
4,True,True,True,5000000,8,5000000,4,5000000,8,False,29814,455721,506048,506048,1577772,545236,6005818,0.16499267922385266,18813218,284379,0.6240199595805328
4,True,True,True,5000000,8,5000000,4,5000000,16,False,29814,462717,506048,506048,1577772,352251,4226332,0.12376432812435575,18813218,266783,0.5765575935182844
4,True,True,True,5000000,8,5000000,8,5000000,1,False,29814,372130,506048,506048,1577772,7265719,47683162,0.4152798389434198,18813218,897045,2.410568887216833
4,True,True,True,5000000,8,5000000,8,5000000,2,False,29814,400894,506048,506048,1577772,3018876,23975823,0.3694710687347008,18813218,506971,1.2646011165046123
4,True,True,True,5000000,8,5000000,8,5000000,4,False,29814,436036,506048,506048,1577772,1188483,11017451,0.24897411136806724,18813218,345714,0.7928565531286408
4,True,True,True,5000000,8,5000000,8,5000000,8,False,29814,461268,506048,506048,1577772,482530,5104643,0.14144259816387186,18813218,281952,0.6112541949582455
4,True,True,True,5000000,8,5000000,8,5000000,16,False,29814,470594,506048,506048,1577772,271041,3173181,0.09478873325265548,18813218,261534,0.5557529420264602
4,True,True,True,5000000,8,5000000,16,5000000,1,False,29814,371215,506048,506048,1577772,7245242,47730478,0.41671623907625943,18813218,894840,2.4105706935333973
4,True,True,True,5000000,8,5000000,16,5000000,2,False,29814,400455,506048,506048,1577772,2985273,23673231,0.36717056313764496,18813218,503709,1.2578417050604938
4,True,True,True,5000000,8,5000000,16,5000000,4,False,29814,436743,506048,506048,1577772,1169240,10798643,0.24464085381325215,18813218,344850,0.7895947960242065
4,True,True,True,5000000,8,5000000,16,5000000,8,False,29814,462866,506048,506048,1577772,462574,4827054,0.13433128646690462,18813218,280734,0.6065124679712919
4,True,True,True,5000000,8,5000000,16,5000000,16,False,29814,472422,506048,506048,1577772,247966,2844131,0.08538907161495361,18813218,260218,0.550816854422529
4,True,True,True,5000000,16,5000000,1,5000000,1,False,29814,370049,506048,506048,1577772,7622255,52174983,0.4496359873404526,18813218,906549,2.4498079984002117
4,True,True,True,5000000,16,5000000,1,5000000,2,False,29814,400404,506048,506048,1577772,3553186,29270465,0.42920543971054154,18813218,532788,1.3306260676716517
4,True,True,True,5000000,16,5000000,1,5000000,4,False,29814,406993,506048,506048,1577772,2394366,22614535,0.4288815880904293,18813218,411946,1.0121697424771434
4,True,True,True,5000000,16,5000000,1,5000000,8,False,29814,408309,506048,506048,1577772,2094142,20604053,0.42503363706396,18813218,378721,0.927535273530586
4,True,True,True,5000000,16,5000000,1,5000000,16,False,29814,408346,506048,506048,1577772,2039880,20301391,0.4287886052272297,18813218,369890,0.905824962164439
4,True,True,True,5000000,16,5000000,2,5000000,1,False,29814,371219,506048,506048,1577772,7432716,49756233,0.4310988838961425,18813218,901697,2.4290162949633505
4,True,True,True,5000000,16,5000000,2,5000000,2,False,29814,400850,506048,506048,1577772,3156184,25361557,0.3857840872251731,18813218,513596,1.281267306972683
4,True,True,True,5000000,16,5000000,2,5000000,4,False,29814,428817,506048,506048,1577772,1433919,13882172,0.30342346252196195,18813218,357436,0.8335397150765944
4,True,True,True,5000000,16,5000000,2,5000000,8,False,29814,440277,506048,506048,1577772,854237,9431084,0.24319112181613542,18813218,302973,0.6881417834681348
4,True,True,True,5000000,16,5000000,2,5000000,16,False,29814,442661,506048,506048,1577772,704996,8178237,0.22148972521120266,18813218,288467,0.6516657216244485
4,True,True,True,5000000,16,5000000,4,5000000,1,False,29814,370709,506048,506048,1577772,7330423,48696620,0.4249650858660102,18813218,895232,2.414918440070244
4,True,True,True,5000000,16,5000000,4,5000000,2,False,29814,401303,506048,506048,1577772,3044192,24244049,0.37289321297579625,18813218,507938,1.2657219108753237
4,True,True,True,5000000,16,5000000,4,5000000,4,False,29814,434706,506048,506048,1577772,1224514,11546386,0.25992485347805916,18813218,347047,0.7983487690531071
4,True,True,True,5000000,16,5000000,4,5000000,8,False,29814,456611,506048,506048,1577772,537731,5844718,0.16038756774746485,18813218,284697,0.6235000908869913
4,True,True,True,5000000,16,5000000,4,5000000,16,False,29814,463857,506048,506048,1577772,343241,4098242,0.12018722292293081,18813218,266397,0.5743084614439364
4,True,True,True,5000000,16,5000000,8,5000000,1,False,29814,371596,506048,506048,1577772,7237837,47445801,0.41473880698779514,18813218,893744,2.4051496786833013
4,True,True,True,5000000,16,5000000,8,5000000,2,False,29814,400688,506048,506048,1577772,2979625,23547658,0.36418902148715504,18813218,505139,1.2606791318931438
4,True,True,True,5000000,16,5000000,8,5000000,4,False,29814,436688,506048,506048,1577772,1171311,10785007,0.2439464010408373,18813218,345395,0.7909422745758986
4,True,True,True,5000000,16,5000000,8,5000000,8,False,29814,463382,506048,506048,1577772,454543,4731460,0.13181986559302752,18813218,280417,0.6051529839311842
4,True,True,True,5000000,16,5000000,8,5000000,16,False,29814,472833,506048,506048,1577772,240335,2739517,0.0823983482294105,18813218,259744,0.5493356005185763
4,True,True,True,5000000,16,5000000,16,5000000,1,False,29814,371066,506048,506048,1577772,7195748,47464104,0.4161415284908678,18813218,891075,2.401392205160268
4,True,True,True,5000000,16,5000000,16,5000000,2,False,29814,401488,506048,506048,1577772,3004148,23594125,0.36361127857833275,18813218,506940,1.2626529310963217
4,True,True,True,5000000,16,5000000,16,5000000,4,False,29814,436906,506048,506048,1577772,1148667,10538902,0.23941741991811524,18813218,343898,0.7871212572040668
4,True,True,True,5000000,16,5000000,16,5000000,8,False,29814,465270,506048,506048,1577772,431687,4389427,0.12277057019522342,18813218,279321,0.600341737055903
4,True,True,True,5000000,16,5000000,16,5000000,16,False,29814,474673,506048,506048,1577772,211846,2388389,0.07242500684104707,18813218,257636,0.5427652299583081